INSERT INTO coreschema.results (id, status, points, submission_id, test_id, wall_time, cpu_time) VALUES (1, '', 10, 1, 1, 0.5, 0.124);

INSERT INTO coreschema.tasks (id, alias, name, wall_time_limit, cpu_time_limit, memory_limit) VALUES (1, 'comics', 'Комікси', 1, 0.2, 256);
INSERT INTO coreschema.tasks (id, alias, name, wall_time_limit, cpu_time_limit, memory_limit) VALUES (2, 'coins', 'Монети', 1, 0.2, 256);
INSERT INTO coreschema.tasks (id, alias, name, wall_time_limit, cpu_time_limit, memory_limit) VALUES (3, 'stamps', 'Марки', 1, 0.2, 256);
INSERT INTO coreschema.tasks (id, alias, name, wall_time_limit, cpu_time_limit, memory_limit) VALUES (4, 'wrappers', 'Фантики', 1, 0.2, 256);

INSERT INTO coreschema.submissions (id, published_at, user_id, lang, task_id, status) VALUES (2, '2020-02-23 11:32:54.060000', 1, 'python3', 2, null);
INSERT INTO coreschema.submissions (id, published_at, user_id, lang, task_id, status) VALUES (3, '2020-02-23 11:33:03.635000', 1, 'python3', 3, null);
INSERT INTO coreschema.submissions (id, published_at, user_id, lang, task_id, status) VALUES (4, '2020-02-23 11:33:13.074000', 1, 'python3', 4, null);
INSERT INTO coreschema.submissions (id, published_at, user_id, lang, task_id, status) VALUES (1, '2020-02-23 11:32:26.042000', 1, 'python3', 1, 'Completed');

INSERT INTO coreschema.users (id, username, email, role) VALUES (1, 'SashaKuprii', 'a@c.com', 'admin');
INSERT INTO coreschema.users (id, username, email, role) VALUES (2, 'IgorZash', 'b@c.com', 'admin');
INSERT INTO coreschema.users (id, username, email, role) VALUES (3, 'ArthurSh', 'c@c.com', 'admin');

INSERT INTO coreschema.tests (id, points, task_id) VALUES (1, 10, 1);
INSERT INTO coreschema.tests (id, points, task_id) VALUES (2, 10, 1);
INSERT INTO coreschema.tests (id, points, task_id) VALUES (3, 10, 1);
INSERT INTO coreschema.tests (id, points, task_id) VALUES (4, 10, 1);
INSERT INTO coreschema.tests (id, points, task_id) VALUES (5, 10, 1);
INSERT INTO coreschema.tests (id, points, task_id) VALUES (6, 10, 1);
INSERT INTO coreschema.tests (id, points, task_id) VALUES (7, 10, 1);
INSERT INTO coreschema.tests (id, points, task_id) VALUES (8, 10, 1);
INSERT INTO coreschema.tests (id, points, task_id) VALUES (9, 10, 1);
INSERT INTO coreschema.tests (id, points, task_id) VALUES (10, 10, 1);
INSERT INTO coreschema.tests (id, points, task_id) VALUES (11, 10, 2);
INSERT INTO coreschema.tests (id, points, task_id) VALUES (12, 10, 2);
INSERT INTO coreschema.tests (id, points, task_id) VALUES (13, 10, 2);
INSERT INTO coreschema.tests (id, points, task_id) VALUES (14, 10, 2);
INSERT INTO coreschema.tests (id, points, task_id) VALUES (15, 10, 2);
INSERT INTO coreschema.tests (id, points, task_id) VALUES (16, 10, 2);
INSERT INTO coreschema.tests (id, points, task_id) VALUES (17, 10, 2);
INSERT INTO coreschema.tests (id, points, task_id) VALUES (18, 10, 2);
INSERT INTO coreschema.tests (id, points, task_id) VALUES (19, 10, 2);
INSERT INTO coreschema.tests (id, points, task_id) VALUES (20, 10, 2);
INSERT INTO coreschema.tests (id, points, task_id) VALUES (21, 10, 3);
INSERT INTO coreschema.tests (id, points, task_id) VALUES (22, 10, 3);
INSERT INTO coreschema.tests (id, points, task_id) VALUES (23, 10, 3);
INSERT INTO coreschema.tests (id, points, task_id) VALUES (24, 10, 3);
INSERT INTO coreschema.tests (id, points, task_id) VALUES (25, 10, 3);
INSERT INTO coreschema.tests (id, points, task_id) VALUES (26, 10, 3);
INSERT INTO coreschema.tests (id, points, task_id) VALUES (27, 10, 3);
INSERT INTO coreschema.tests (id, points, task_id) VALUES (28, 10, 3);
INSERT INTO coreschema.tests (id, points, task_id) VALUES (29, 10, 3);
INSERT INTO coreschema.tests (id, points, task_id) VALUES (30, 10, 3);
INSERT INTO coreschema.tests (id, points, task_id) VALUES (31, 10, 4);
INSERT INTO coreschema.tests (id, points, task_id) VALUES (32, 10, 4);
INSERT INTO coreschema.tests (id, points, task_id) VALUES (33, 10, 4);
INSERT INTO coreschema.tests (id, points, task_id) VALUES (34, 10, 4);
INSERT INTO coreschema.tests (id, points, task_id) VALUES (35, 10, 4);
INSERT INTO coreschema.tests (id, points, task_id) VALUES (36, 10, 4);
INSERT INTO coreschema.tests (id, points, task_id) VALUES (37, 10, 4);
INSERT INTO coreschema.tests (id, points, task_id) VALUES (38, 10, 4);
INSERT INTO coreschema.tests (id, points, task_id) VALUES (39, 10, 4);
INSERT INTO coreschema.tests (id, points, task_id) VALUES (40, 10, 4);